S.no,States/Uts,Sanction order no,Date of sanction [DD/MM/YYYY],Date of IFD[DD/MM/YYYY],Total Amount released(actual in Rs),Finanacial Year of sanction order,Total Amount released(in lakh),Released for academic year,Amount released for academic year(in lakh),Amount given in reference data (in lakh),Remark if any
1,Andhra Pradesh,20014/4/2018-Sch,03/08/2017,,233255000,2016-17,2332.55,2016-17,2332.55,,
2,Andhra Pradesh,20014/4/2018-Sch,12/06/2016,,744507000,2016-17,7445.07,2015-16,7445.07,,
3,Arunachal Pradesh,F.No.20014/04/2012-Education,07/11/2016,,113632200,2016-17,1136.322,2012-13,1136.322,,
4,Assam,20014/6/2018-Sch,03/27/2017,,26665300,2016-17,266.653,2016-17,266.65,266.653,"Data not available on MoTA portal, only available in reference data."
5,Chhattisgarh,20014/8/2018-Sch,12/28/2016,,137482000,2016-17,1374.82,2016-17,1374.82,,
6,Chhattisgarh,20014/8/2018-Sch,07/14/2016,,130000000,2016-17,1300,2012-13,1300,,
7,Daman & Diu,F.No.20014/02/2013-Education,12/06/2016,,5363000,2016-17,53.63,2012-13,53.63,,
8,Goa,F.No.20014/01/2016-Education,12/28/2016,,7100000,2016-17,71,2016-17,71,,
9,Goa,F.No.20014/02/2012-Education,09/28/2016,,57400000,2016-17,574,2012-13,574,,
10,Gujarat,F.No.20014/09/2012-Education,12/06/2016,,746200000,2016-17,7462,2016-17,7462,,Upload 2 times on MoTA portal
11,Gujarat,F.No.20014/09/2012-Education,09/27/2016,,876400000,2016-17,8764,2012-13,8764,,
12,Gujarat,F.No.20014/09/2012-Education,07/18/2016,,581427000,2016-17,5814.27,2012-13,5814.27,,
13,Himachal Pradesh,F.No.20014/10/2012-Education,12/28/2016,,63200000,2016-17,632,2016-17,632,,
14,Himachal Pradesh,No. 20014/10/12-Education,10/14/2016,,4936000,2016-17,49.36,2012-13,49.36,,
15,Himachal Pradesh,F.No.20014/10/2012-Education,07/15/2016,,25000000,2016-17,250,2012-13,250,,
16,Jammu & Kashmir,F.No.20014/11/2012-Education,12/28/2016,,115900000,2016-17,1159,2016-17,1159,,
17,Jammu & Kashmir,F.No.20014/11/2012-Education,09/30/2016,,142884000,2016-17,1428.84,2012-13,1428.84,,
18,Jharkhand,No. 20014/12/2012-Education,12/29/2016,,154839000,2016-17,1548.39,2016-17,1548.39,,
19,Jharkhand,F.No.20014/12/2012-Education,09/28/2016,,660000000,2016-17,6600,2012-13,6600,,
20,Karnataka,F.No.20014/13/2012-Education,12/28/2016,,414000000,2016-17,4140,2016-17,4140,,
21,Karnataka,F.No.20014/13/2012-Education,07/19/2016,,440000000,2016-17,4400,2012-13,4400,,
22,Kerala,F.No.20014/03/2012-Education,09/28/2016,,312200000,2016-17,3122,2012-13,3122,,
23,Madhya Pradesh,No.20014/15/2012-Education,12/27/2016,,493600000,2016-17,4936,2016-17,4936,,Upload 2 times on MoTA portal
24,Madhya Pradesh,F.No.20014/15/2012-Education,09/27/2016,,505300000,2016-17,5053,2012-13,5053,,"Upload 2 times on MoTA portal, amount shows 0rs  on portal"
25,Madhya Pradesh,No.20014/15/2012-Education,08/30/2016,,306500000,2016-17,3065,2012-13,3065,,
26,Maharashtra,F.no.20014/16/2012-Education,12/28/2016,,759300000,2016-17,7593,2016-17,7593,,"Upload 2 times on MoTA portal, amount shows 75.53lakh rs  on portal"
27,Maharashtra,F.No.20014/16/2012-Education,09/27/2016,,906100000,2016-17,9061,2012-13,9061,,amount shows 90.61 lakh rs  on portal
28,Maharashtra,F.No.20014/16/2012-Education,07/18/2016,,543828000,2016-17,5438.28,2012-13,5438.28,,
29,Manipur,F.No.20014/17/2012-Education,12/28/2016,,242339000,2016-17,2423.39,2016-17,2423.39,,
30,Manipur,F.No.20015/19/2012-Education,12/28/2016,,25504000,2016-17,255.04,2016-17,255.04,3385.2,Data mismatch between portal and reference data
31,Manipur,F.No.20015/19/20012-Education,10/05/2016,,61234000,2016-17,612.34,2012-13,612.34,,
32,Manipur,F.No.20014/18/2012-Education,10/04/2016,,26181000,2016-17,261.81,2012-13,261.81,,
33,Manipur,F.No.20014/17/2012-Education,07/18/2016,,70000000,2016-17,700,2012-13,700,,
34,Meghalaya,No.20O1 41 1 81201 2-Education,02/23/2017,,43000000,2016-17,430,2016-17,430,,
35,Meghalaya,F.No.20014/18/2012-Education,12/28/2016,,75900000,2016-17,759,2016-17,759,,
36,Meghalaya,F.No.20014/18/2012-Education,07/15/2016,,200000000,2016-17,2000,2012-13,2000,,
37,Mizoram,No.20012/19/2012-Education,03/01/2017,,426752000,2016-17,4267.52,2016-17,4267.52,,
38,Nagaland,F.No.20014/20/2012-Education,12/28/2016,,134400000,2016-17,1344,2016-17,1344,,
39,Orissa,No.20014/21/2014-Education,12/28/2016,,366992000,2016-17,3669.92,2016-17,3669.92,15556.48,Upload 2 times on MoTA portal.             Data mismatch between portal and reference data
40,Orissa,F.No.20014/21/2012-Education,09/27/2016,,583300000,2016-17,5833,2012-13,5833,,
41,Orissa,F.No.20014/21/2012-Education,07/18/2016,,238364000,2016-17,2383.64,2012-13,2383.64,,
42,Rajasthan,No.20014/22/2012-Education,12/06/2016,,330000000,2016-17,3300,2012-13,3300,,
43,Rajasthan,F.No.20014/22/2012-Education,07/01/2016,,650000000,2016-17,6500,2012-13,6500,,
44,Sikkim,F.No.20014/23/2012-Education,12/28/2016,,34400000,2016-17,344,2016-17,344,,
45,Sikkim,F.No.20014/23/2012-Education,09/27/2016,,50000000,2016-17,500,2012-13,500,,
46,Sikkim,F.No.20014/23/2012-education,07/19/2016,,9416000,2016-17,94.16,2012-13,94.16,,"Upload 2 times on MoTA portal, amount shows 64.16 lakh rs  on portal"
47,Tamil Nadu,F.No.20014/24/2012-Education,09/27/2016,,159400000,2016-17,1594,2012-13,1594,3061.85,Data mismatch between portal and reference data
48,Telangana,F.No.20014/02/2014-Education,12/28/2016,,721800000,2016-17,7218,2016-17,7218,,
49,Telangana,F.No.20014/02/2014-Education,09/27/2016,,426500000,2016-17,4265,2012-13,4265,,
50,Uttar Pradesh,F.No.20014/26/2012-Education,12/27/2016,,12750000,2016-17,127.5,2016-17,127.5,1057.5,Data mismatch between portal and reference data
51,Uttar Pradesh,F.No.20014/26/2012-Education,09/30/2016,,93000000,2016-17,930,2012-13,930,,
52,Uttar Pradesh,F.No.20014/27/2012-Education,07/18/2016,,381457000,2016-17,3814.57,2012-13,3814.57,,
53,Uttrakhand,F.No.20014/27/2012-Education,12/28/2016,,127600000,2016-17,1276,2016-17,1276,,
54,Uttrakhand,N o.20014 / 27/2012-Education,07/18/2016,,381457000,2016-17,3814.57,2012-13,3814.57,,
55,Andhra Pradesh,20014/4/2018-Sch,03/31/2016,,53325000,2015-16,533.25,2015-16,533.25,,Amount shows 0 rs  on portal
56,Andhra Pradesh,20014/4/2018-Sch,03/15/2016,,145356642,2015-16,1453.56642,2015-16,1453.56642,,Amount shows 4443 lakh rs  on portal
57,Arunachal Pradesh,No.20014/04/2012,02/04/2016,,113760800,2015-16,1137.608,2015-16,1137.608,,Amount shows 1138.608 lakh rs  on portal
58,Assam,20014/6/2018-Sch,12/22/2015,,107160000,2015-16,1071.6,2015-16,1071.6,,Amount shows 7244.1 lakh rs  on portal
59,Assam,20014/6/2018-Sch,12/22/2015,,567667797,2015-16,5676.67797,2015-16,5676.67797,,Amount shows 0 rs  on portal
60,Chhattisgarh,20014/8/2018-Sch,09/22/2015,,216483000,2015-16,2164.83,2015-16,2164.83,,Amount shows 0 rs  on portal
61,Chhattisgarh,20014/8/2018-Sch,06/11/2015,,260000000,2015-16,2600,2015-16,2600,,
62,Goa,F.No.20014/01/2016-Education,02/26/2016,,35600000,2015-16,356,2015-16,356,,
63,Gujarat,F.No.20014/09/2012-Education,06/11/2015,,552040000,2015-16,5520.4,2015-16,5520.4,,Amount shows 7000 lakh rs  on portal
64,Himachal Pradesh,F.No.20014/03/2015-Education,06/11/2015,,135000000,2015-16,1350,2015-16,1350,,
66,Jammu and Kashmir,F.No.20014/11/2012-Education,09/24/2015,,249417000,2015-16,2494.17,2015-16,2494.17,,
67,Karnataka,F.No.20014/13/2012-Education,09/24/2015,,583900000,2015-16,5839,2015-16,5839,,
68,Madhya Pradesh,F.No.20014/03/2015-Education,06/11/2015,,306500000,2015-16,3065,2015-16,3065,,
69,Maharashtra,F.No.20014/16/2012-Education,09/24/2015,,520983000,2015-16,5209.83,2015-16,5209.83,,
70,Manipur,,,,,2015-16,,,,3588,"Data not available on MoTA portal, only available in reference data."
71,Meghalaya,F.No.20014/18/2012-Education,02/29/2016,,165023642,2015-16,1650.23642,2015-16,1650.23642,,
72,Meghalaya,F.No.20014/18/2012-Education,02/29/2016,,162437358,2015-16,1624.37358,2015-16,1624.37358,,Amount shows 0 rs  on portal
73,Mizoram,F.No.20014/19/2012-Education,12/31/2015,,492790600,2015-16,4927.906,2015-16,4927.906,,
74,Nagaland,F.No.20014/20/2012-Education,02/04/2016,,264634161,2015-16,2646.34161,2015-16,2646.34161,,
75,Orissa,f.No.20014/03/2015-Education,06/11/2015,,405000000,2015-16,4050,2015-16,4050,,
76,Rajasthan,f.No.20014/22/2012-Education,09/21/2015,,1089043000,2015-16,10890.43,2015-16,10890.43,,
77,Sikkim,F.No.20014/23/2012-Education,09/30/2015,,40000000,2015-16,400,2015-16,400,,
78,Tamil Nadu,F.No.20014/24/2012-Education,09/22/2015,,226686000,2015-16,2266.86,2014-15,2266.86,,Amount shows 0 rs  on portal
79,Telangana,F.No.20014/02/2014-Education,09/30/2015,,350000000,2015-16,3500,2015-16,3500,9650,Data mismatch between portal and reference data
80,Tripura,F.No.20014/25/2012-Education,06/11/2015,,170000000,2015-16,1700,2015-16,1700,,
81,Uttar Pradesh,F.No.20014/27/2012-Education,06/11/2015,,90000000,2015-16,900,2015-16,900,,"Data available on MoTA portal, but not available in reference data."
82,Uttrakhand,,,,,2015-16,,,,900,"Data not available on MoTA portal, only available in reference data."
83,West Bengal,F.No.20014/28/2012-Education,02/29/2016,,294846000,2015-16,2948.46,2015-16,2948.46,,
84,Andaman & Nicobar,F.No.20014/03/2018-Sch,07/02/2014,,75000,2014-15,0.75,2014-15,0.75,,
87,Andhra Pradesh,20014/4/2018-Sch,09/18/2014,,296875750,2014-15,2968.7575,2014-15,2968.7575,,
88,Andhra Pradesh,20014/4/2018-Sch,08/21/2014,,210607750,2014-15,2106.0775,2014-15,2106.0775,,
89,ARUNACHAL PRADESH,F.No. 20014/02/2012-Education,06/27/2014,,229360,2014-15,2.2936,2014-15,2.2936,,Map with wrong State Andhara. Two times enter this data on portal.
90,Assam,20014/6/2018-Sch,06/27/2014,,111400000,2014-15,1114,2014-15,1114,,
91,Bihar,F.No. 20014/02/2012-Education,06/27/2014,,2300000,2014-15,23,2014-15,23,,
92,Chhattisgarh,20014/8/2018-Sch,06/27/2014,,78700000,2014-15,787,2014-15,787,4066.75,Data mismatch between portal and reference data
93,Daman & Diu,,,,,2014-15,,,,1,"Data not available on MoTA portal, only available in reference data."
94,GOA,F.No. 20014/02/2012-Education,06/27/2014,,200000,2014-15,2,2014-15,2,,
95,Gujarat,F.No. 20014/02/2012-Education,06/27/2014,,61500000,2014-15,615,2014-15,615,3929.23,Data mismatch between portal and reference data
96,Himachal Pradesh,F.No. 20014/02/2012-Education,06/27/2014,,23700000,2014-15,237,2014-15,237,,
97,Jammu and Kashmir ,F.No.20014/11/2012-Education,12/30/2014,,231717000,2014-15,2317.17,2014-15,2317.17,,Amount shows 0 rs  on portal
98,Jammu and Kashmir ,F.No. 20014/02/2012-Education,06/27/2014,,17700000,2014-15,177,2014-15,177,,
99,Jharkhand,F.No. 20014/02/2012-Education,06/27/2014,,33600000,2014-15,336,2014-15,336,,
100,Jharkhand,F.No.20014/12/2012-Education,12/30/2014,,459123000,2014-15,4591.23,2014-15,4591.23,,Amount shows 0 rs  on portal
101,Karnataka,F.No. 20014/02/2012-Education,06/27/2014,,63000000,2014-15,630,2014-15,630,,
102,Kerala,F.No.20014/03/2012-Education,09/22/2014,,56500000,2014-15,565,2014-15,565,,Amount shows 0 rs  on portal
103,Kerala,F.No. 20014/02/2012-Education,06/27/2014,,8200000,2014-15,82,2014-15,82,,
104,Madhya Pradesh,F.No. 20014/02/2012-Education,06/27/2014,,238500000,2014-15,2385,2014-15,2385,,
105,Maharashtra,F.No.20014/16/2012-Education,09/26/2014,,630083000,2014-15,6300.83,2014-15,6300.83,,Amount shows 0 rs  on portal
106,Maharashtra,F.No. 20014/02/2012-Education,06/27/2014,,115100000,2014-15,1151,2014-15,1151,,
107,Manipur,F.No.20014/07/2012-Education,09/26/2014,,255548000,2014-15,2555.48,2014-15,2555.48,3615.48,Data mismatch between portal and reference data
108,Manipur,F.No. 20014/02/2012-Education,06/27/2014,,106000000,2014-15,1060,2014-15,1060,,
109,Manipur,FNo.20014/17/2012-Education,06/23/2014,,505101000,2014-15,5051.01,2013-14,5051.01,,Amount shows 0 rs  on portal
110,Meghalaya,F.No. 20014/02/2012-Education,06/27/2014,,43800000,2014-15,438,2014-15,438,,
111,Mizoram,F.No. 20014/19/20012-Education,01/28/2015,,361515000,2014-15,3615.15,2014-15,3615.15,,
112,Mizoram,F.No. 20014/02/2012-Education,06/27/2014,,88600000,2014-15,886,2014-15,886,,
113,Nagaland,F.No.20014/20/2012-Education,12/30/2014,,178258635,2014-15,1782.58635,2014-15,1782.58635,,Amount shows 0 rs  on portal
114,Nagaland,F.No. 20014/02/2012-Education,06/27/2014,,54700000,2014-15,547,2014-15,547,,
115,Orissa,F.No.20014/21/2012-Education,09/17/2014,,397700000,2014-15,3977,2014-15,3977,,Amount shows 0 rs  on portal
116,Orissa,F.No. 20014/02/2012-Education,06/27/2014,,53500000,2014-15,535,2014-15,535,,
117,Rajasthan,F.No.20014/22/2012-Education,09/16/2014,,508900000,2014-15,5089,2014-15,5089,,Amount shows 0 rs  on portal
118,Rajasthan,F.No. 20014/02/2012-Education,06/27/2014,,135100000,2014-15,1351,2014-15,1351,,
119,Sikkim,F.No.11022/02/2012-Education,02/27/2015,,31100000,2014-15,311,2014-15,311,,Amount shows 0 rs  on portal
120,Sikkim,F.No. 20014/02/2012-Education,06/27/2014,,10300000,2014-15,103,2014-15,103,,
121,Tamil Nadu,F.No. 20014/02/2012-Education,06/27/2014,,4400000,2014-15,44,2014-15,44,,
122,Telangana,F.No.20014/02/2012-Education,08/21/2014,,263093890,2014-15,2630.9389,2014-15,2630.9389,12329.88,Data mismatch between portal and reference data
123,Tripura,F.No.20014/25/2012-Education,09/22/2014,,71581700,2014-15,715.817,2014-15,715.817,,Amount shows 0 rs  on portal
124,Tripura,F.No. 20014/02/2012-Education,06/27/2014,,25900000,2014-15,259,2014-15,259,,
125,Uttar Pradesh,F.No. 20014/02/2012-Education,06/27/2014,,5600000,2014-15,56,2014-15,56,,
126,Uttaranchal,F.No. 20014/02/2012-Education,06/27/2014,,16400000,2014-15,164,2014-15,164,,
127,West Bengal,F.No. 20014/02/2012-Education,06/27/2014,,23700000,2014-15,237,2014-15,237,,
128,Andaman & Nicobar,F.No.20014/03/2018-Sch,09/04/2013,,75000,2013-14,0.75,2013-14,0.75,,
129,Andhra Pradesh,20014/4/2018-Sch,01/27/2014,,2516500,2013-14,25.165,2013-14,25.165,,
130,Andhra Pradesh,20014/4/2018-Sch,04/09/2013,,487000000,2013-14,4870,2013-14,4870,,
131,Arunachal Pradesh,20014/04/2012,29/01/2014,,136685000,2013-14,1366.85,2013-14,1366.85,,
132,Assam,20014/6/2018-Sch,25/03/2014,,364281491,2013-14,3642.81491,2013-14,3642.81491,,
133,Assam,20014/6/2018-Sch,04/09/2013,,111400000,2013-14,1114,2013-14,1114,,
134,Bihar,No.20014/02/2012-Education,04/09/2013,,2300000,2013-14,23,2013-14,23,,
135,Chhattisgarh,20014/8/2018-Sch,29/03/2014,,55447839,2013-14,554.47839,2013-14,554.47839,,
136,Chhattisgarh,20014/8/2018-Sch,04/09/2013,,78700000,2013-14,787,2013-14,787,,
137,Daman & Diu,20014/02/2013-Edu,20/02/2014,,1090000,2013-14,10.9,2013-14,,,
138,Goa,No.20014/02/2012-Education,04/09/2013,,200000,2013-14,2,2013-14,2,,
139,Gujarat,20014/09/2012,24/01/2014,,105428000,2013-14,1054.28,2013-14,1054.28,,
140,Gujarat,20014/09/2012,30/10/2013,,546930000,2013-14,5469.3,2013-14,5469.3,,
141,Gujarat,No.20014/02/2012-Education,04/09/2013,,61500000,2013-14,615,2013-14,615,,
142,Himachal Pradesh,No.20014/10/2012-Education,24/03/2014,,4583000,2013-14,45.83,2013-14,45.83,,
143,Himachal Pradesh,No.20014/02/2012-Education,04/09/2013,,23700000,2013-14,237,2013-14,237,,
144,Jammu and kashmir ,No.20014/02/2012-Education,04/09/2013,,17700000,2013-14,177,2013-14,177,,
145,Jharkhand,20014/12/2012,23/01/2014,,204323000,2013-14,2043.23,2013-14,2043.23,,
146,Jharkhand,20014/12/2012,31/12/2013,,88817000,2013-14,888.17,2013-14,888.17,,
147,Jharkhand,No.20014/02/2012-Education,04/09/2013,,33600000,2013-14,336,2013-14,336,,
148,Karnataka,20014/13/2012,24/01/2014,,173765000,2013-14,1737.65,2013-14,1737.65,,
149,Karnataka,20014/09/2012,13/11/2013,,97311000,2013-14,973.11,2013-14,973.11,,
150,Karnataka,No.20014/02/2012-Education,04/09/2013,,63000000,2013-14,630,2013-14,630,,
151,Kerala,No.20014/03/2012-Education,24/03/2014,,54353000,2013-14,543.53,2013-14,543.53,,
152,Kerala,No.20014/02/2012-Education,04/09/2013,,8200000,2013-14,82,2013-14,82,,
153,Madhya Pradesh,No. 20014/15/2012-Education,20/02/2014,,289171100,2013-14,2891.711,2013-14,2891.711,,
154,Madhya Pradesh,No.20014/02/2012-Education,04/09/2013,,238500000,2013-14,2385,2013-14,2385,,
155,Maharashtra,20014/16/2012,23/01/2014,,673437000,2013-14,6734.37,2013-14,6734.37,,
156,Maharashtra,20014/16/2012,12/12/2013,,411067000,2013-14,4110.67,2013-14,4110.67,,
157,Maharashtra,No.20014/02/2012-Education,04/09/2013,,115100000,2013-14,1151,2013-14,1151,,
158,Manipur,No.20014/17/2012-Education,28/02/2014,,505101000,2013-14,5051.01,2013-14,5051.01,,
159,Manipur,No.20014/02/2012-Education,04/09/2013,,106000000,2013-14,1060,2013-14,1060,,
160,Meghalaya,20014/18/2012-Education,29/03/2014,,300000000,2013-14,3000,2013-14,3000,,
161,Meghalaya,No.20014/02/2012-Education,04/09/2013,,43800000,2013-14,438,2013-14,438,,
162,Mizoram,20014/19/2012,31/12/2013,,450789000,2013-14,4507.89,2013-14,4507.89,,
163,Mizoram,No.20014/02/2012-Education,04/09/2013,,88600000,2013-14,886,2013-14,886,,
164,Nagaland,20014/20/2012,13/11/2013,,207919000,2013-14,2079.19,2013-14,2079.19,,
165,Nagaland,No.20014/02/2012-Education,04/09/2013,,54700000,2013-14,547,2013-14,547,,
166,Orissa,20014/21/2012,22/01/2014,,34761000,2013-14,347.61,2013-14,347.61,,
167,Orissa,20014/21/2012,18/11/2013,,176126000,2013-14,1761.26,2013-14,1761.26,,
168,Orissa,No.20014/02/2012-Education,04/09/2013,,135100000,2013-14,1351,2013-14,1351,,
169,Rajasthan,20014/22/2012-Education,29/03/2014,,168101700,2013-14,1681.017,2013-14,1681.017,,
170,Rajasthan,No.20014/02/2012-Education,04/09/2013,,53500000,2013-14,535,2013-14,535,,
171,Sikkim,No. 20014/23/2012-Education,11/02/2014,,84549000,2013-14,845.49,2013-14,845.49,,
172,Tamil Nadu,No.20014/14/2012-Education,28/02/2014,,139202000,2013-14,1392.02,2013-14,1392.02,1439.02,Data mismatch between portal and reference data
173,Tripura,20014/25/2012,27/01/2014,,113199000,2013-14,1131.99,2013-14,1131.99,,
174,Tripura,No.20014/02/2012-Education,04/09/2013,,25900000,2013-14,259,2013-14,259,,
175,uttar pradesh,No.20014/02/2012-Education,04/09/2013,,5600000,2013-14,56,2013-14,56,,
176,Uttaranchal,20014/27/2012,22/01/2014,,1398000,2013-14,13.98,2013-14,13.98,,
177,Uttaranchal,20014/27/2012,31/12/2013,,90852000,2013-14,908.52,2013-14,908.52,,
178,Uttaranchal,No.20014/02/2012-Education,04/09/2013,,16400000,2013-14,164,2013-14,164,,
179,West Bengal,20014/28/2012-Education,29/03/2014,,72739000,2013-14,727.39,2013-14,727.39,, 
180,West Bengal,20014/28/2012-Education,29/03/2014,,3162000,2013-14,31.62,2013-14,31.62,, 
181,West Bengal,20014/28/2012,24/01/2014,,128162000,2013-14,1281.62,2013-14,1281.62,, 
182,West Bengal,No.20014/02/2012-Education,04/09/2013,,23700000,2013-14,237,2013-14,237,,
211,Andaman & Nicobar,F.No.20014/03/2018-Sch,25/06/2012,,300000,2012-13,3,2012-13,3,,
183,Andhra Pradesh,20014/4/2018-Sch,06/25/2021,,2716546000,2012-13,27165.46,2012-13,27165.46,,
184,Arunachal Pradesh,NO.20010/04/2012-Education,31/08/2012,,63300000,2012-13,633,2012-13,633,,
185,Assam,20014/6/2018-Sch,12/09/2012,,129780000,2012-13,1297.8,2012-13,1297.8,4537.68855,Data mismatch between portal and reference data
186,Bihar,,,,,2012-13,,,,90,"Data not available on MoTA portal, only available in reference data."
187,Chhattisgarh,20014/8/2018-Sch,,,,2012-13,,,,3150.31,"Data not available on MoTA portal, only available in reference data."
189,Goa,,,,,2012-13,,,,8,"Data not available on MoTA portal, only available in reference data."
190,Gujarat,,,,,2012-13,,,,2460.71,"Data not available on MoTA portal, only available in reference data."
191,Himachal Pradesh,,,,,2012-13,,,,948.52,"Data not available on MoTA portal, only available in reference data."
192,Jammu & Kashmir,NO.20014/11/2012-Education,27/09/2012,,20881000,2012-13,208.81,2012-13,0.0020881,710.06,Data mismatch between portal and reference data
193,Jharkhand,No.20014/12/2012-Education,27/09/2012,,31186000,2012-13,311.86,2012-13,,1344.21,Data mismatch between portal and reference data
194,Karnataka,,,,,2012-13,,,,2522.75,"Data not available on MoTA portal, only available in reference data."
195,Kerala,NO.20014/11/2012-Education,06/11/2012,,28457000,2012-13,284.57,2012-13,284.57,329.45,Data mismatch between portal and reference data
196,Madhya Pradesh,NO.20014/15/2012-Education,04/09/2012,,535357000,2012-13,5353.57,2012-13,5353.57,9542.449,Data mismatch between portal and reference data
197,Maharashtra,NO.20014/16/2012-Education,27/09/2012,,150000000,2012-13,1500,2012-13,1500,4604.38,Data mismatch between portal and reference data
198,Manipur,NO.20014/17/2012-Education,06/11/2012,,187364000,2012-13,1873.64,2012-13,1873.64,4243.64,Data mismatch between portal and reference data
199,Meghalaya,NO.20014/18/2012-Education,21/11/2012,,98393000,2012-13,983.93,2012-13,983.99,1753.42,Data mismatch between portal and reference data
200,Mizoram,No.20014/19/2012-Education,03/10/2012,,152650000,2012-13,1526.5,2012-13,1526.5,3546.61,Data mismatch between portal and reference data
201,Nagaland,,,,,2012-13,,,,2191.09,"Data not available on MoTA portal, only available in reference data."
202,Orissa,No.20014/21/2012-Education,27/09/2012,,400000000,2012-13,4000,2012-13,4000,5405.95,Data mismatch between portal and reference data
203,Rajasthan,,,,,2012-13,,,,2142.99,"Data not available on MoTA portal, only available in reference data."
204,Sikkim,No.20014/02/2012-Education,25/06/2012,,31415000,2012-13,314.15,2012-13,100,,
205,Sikkim,No.20014/23/2012-Education,31/08/2012,,10000000,2012-13,100,2012-13,314.15,,
206,Tamil Nadu,No.20014/14/2012-Education,28/09/2012,,15466000,2012-13,154.66,2012-13,154.66,178.66,Data mismatch between portal and reference data
,Tripura,No.20014/25/2012-Education,09/28/2012,,25912000,2012-13,259.12,2012-13,259.12,1036.47,Data mismatch between portal and reference data
207,Tripura,No.20014/25/20)-Education,08/31/2012,,9735000,2012-13,97.35,2012-13,97.35,,
208,Uttar Pradesh,,,,,2012-13,,,,227,"Data not available on MoTA portal, only available in reference data."
209,Uttrakhand,No.20014/27/2012-Education,27/09/2012,,44798000,2012-13,447.98,2012-13,447.98,657.98,Data mismatch between portal and reference data
210,West Bengal,,,,,2012-13,,,,949.16,"Data not available on MoTA portal, only available in reference data."
,Andhra Pradesh,20014/4/2018-Sch,01/10/2013,,721435100,2012-13,7214.35,2012-13,7214.35,,
,Andhra Pradesh,20014/4/2018-Sch,09/26/2014,,296392750,2014-15,2963.9275,2014-15,2963.9275,,
,Assam,20014/6/2018-Sch,03/27/2017,,747000,2016-17,7.47,2016-17,7.47,,
,Chhattisgarh,20014/8/2018-Sch,06/01/2013,,184074000,2013-14,1840.74,2013-14,1840.74,,
,,,,,,,,,,,
,Karnataka,F.No. 20014/13/2012-Education,26/9/2014,,306100000,2014-15,3061,2014-15,3061,,
